sample_id,pred_label_code,p_defect
sample_0001,00,0.31820893877364453
sample_0002,00,0.31820893877364453
