column,mean,std,min,max
CO2 Weld Flow,10.352697910598046,9.104019559138148,-0.039,39.408
Feed,43.36948490360545,25.562313110948114,0.013000000000000001,74.072
Pressure,0.6640352061197253,1.3330821019914432,-0.05,3.743
Primary Weld Current,125.52141950222867,80.65643161727695,0.0,206.48499999999999
Remarks ,,,,
Secondary Weld Voltage,18.572753668371586,11.712683253163553,0.0,56.902
Wire Consumed,1022.3539668308473,775.4482104784216,0.5589999999999999,2120.016
