{
  "f1": 0.9848942598187311,
  "precision": 0.9819277108433735,
  "recall": 0.9878787878787879,
  "roc_auc": 0.9983395599833956,
  "best_threshold": 0.3799999999999999,
  "features_used": "audio(120) + image(97) = 217"
}