{
    "roc_auc": 0.9949512739227427,
    "pr_auc": 0.995728549014897,
    "ece": 0.04928422553352038,
    "best_threshold": 0.23,
    "f1": 0.967741935483871,
    "precision": 0.9482758620689655,
    "recall": 0.9880239520958084
}