{
    "roc_auc": 0.9908418457203241,
    "pr_auc": 0.9926333423126016,
    "ece": 0.1805624328753059,
    "best_threshold": 0.58,
    "f1": 0.9631901840490797,
    "precision": 0.9874213836477987,
    "recall": 0.9401197604790419
}