{
    "roc_auc": 0.9805487065085514,
    "pr_auc": 0.987177301608965,
    "ece": 0.2500399957946819,
    "best_threshold": 0.48,
    "f1": 0.9578313253012049,
    "precision": 0.9636363636363636,
    "recall": 0.9520958083832335
}