{
    "roc_auc": 0.9994188459941884,
    "pr_auc": 0.9995054010120583,
    "ece": 0.01658544967166086,
    "best_threshold": 0.69,
    "f1": 0.9939393939393939,
    "precision": 0.9939393939393939,
    "recall": 0.9939393939393939
}