{
    "roc_auc": 0.992642166647098,
    "pr_auc": 0.9940130035669527,
    "ece": 0.2032863923704554,
    "best_threshold": 0.48,
    "f1": 0.9669669669669669,
    "precision": 0.9698795180722891,
    "recall": 0.9640718562874252
}