{
  "macro_f1": 0.9959664180854556,
  "weighted_f1": 0.9939538909568458,
  "per_class": {
    "01": {
      "f1": 0.9902912621359223,
      "precision": 1.0,
      "recall": 0.9807692307692307
    },
    "02": {
      "f1": 0.9855072463768116,
      "precision": 0.9714285714285714,
      "recall": 1.0
    },
    "06": {
      "f1": 1.0,
      "precision": 1.0,
      "recall": 1.0
    },
    "07": {
      "f1": 1.0,
      "precision": 1.0,
      "recall": 1.0
    },
    "08": {
      "f1": 1.0,
      "precision": 1.0,
      "recall": 1.0
    },
    "11": {
      "f1": 1.0,
      "precision": 1.0,
      "recall": 1.0
    }
  },
  "features_used": "audio(120) + image(97) = 217"
}