{
  "macro_f1": 0.8555467553555901,
  "weighted_f1": 0.8616568358572018,
  "per_class": {
    "01": {
      "f1": 0.8682170542635659,
      "precision": 0.8715953307392996,
      "recall": 0.8648648648648649
    },
    "02": {
      "f1": 0.8263473053892215,
      "precision": 0.8363636363636363,
      "recall": 0.8165680473372781
    },
    "06": {
      "f1": 0.92,
      "precision": 0.971830985915493,
      "recall": 0.8734177215189873
    },
    "07": {
      "f1": 0.9192546583850931,
      "precision": 0.9024390243902439,
      "recall": 0.9367088607594937
    },
    "08": {
      "f1": 0.8311688311688312,
      "precision": 0.8648648648648649,
      "recall": 0.8
    },
    "11": {
      "f1": 0.7682926829268293,
      "precision": 0.7078651685393258,
      "recall": 0.84
    }
  },
  "features_used": "audio+image selected subset",
  "cv_strategy": "GroupKFold(5) on config_folder"
}