{
    "macro_f1": 0.9513554826818746,
    "weighted_f1": 0.9250569207509954,
    "macro_precision": 0.978718557190318,
    "macro_recall": 0.9331691297208539,
    "classes": [
        "0",
        "1",
        "2",
        "3",
        "4",
        "5",
        "6"
    ]
}