{
    "macro_f1": 0.997380236797485,
    "weighted_f1": 0.9967660572285353,
    "macro_precision": 0.9990281827016521,
    "macro_recall": 0.9957983193277311,
    "classes": [
        "0",
        "1",
        "2",
        "3",
        "4",
        "5",
        "6"
    ]
}