{
  "macro_f1": 0.893580721951332,
  "weighted_f1": 0.8924491614034346,
  "per_class": {
    "01": {
      "f1": 0.8893280632411067,
      "precision": 0.9109311740890689,
      "recall": 0.8687258687258688
    },
    "02": {
      "f1": 0.8825214899713467,
      "precision": 0.8555555555555555,
      "recall": 0.9112426035502958
    },
    "06": {
      "f1": 0.9240506329113924,
      "precision": 0.9240506329113924,
      "recall": 0.9240506329113924
    },
    "07": {
      "f1": 0.9046153846153846,
      "precision": 0.8802395209580839,
      "recall": 0.930379746835443
    },
    "08": {
      "f1": 0.8648648648648649,
      "precision": 0.9411764705882353,
      "recall": 0.8
    },
    "11": {
      "f1": 0.8961038961038961,
      "precision": 0.8734177215189873,
      "recall": 0.92
    }
  },
  "features_used": "audio(120) + image(97) = 217",
  "cv_strategy": "GroupKFold(5) on config_folder (no data leakage)"
}