{
    "macro_f1": 0.9530518604202814,
    "weighted_f1": 0.9280239541160593,
    "macro_precision": 0.9746954595791806,
    "macro_recall": 0.9379310344827586,
    "classes": [
        "0",
        "1",
        "2",
        "3",
        "4",
        "5",
        "6"
    ]
}