{
  "macro_f1": 0.8681576775127335,
  "weighted_f1": 0.8698086514336559,
  "per_class": {
    "01": {
      "f1": 0.8652751423149905,
      "precision": 0.8507462686567164,
      "recall": 0.8803088803088803
    },
    "02": {
      "f1": 0.8348348348348348,
      "precision": 0.8475609756097561,
      "recall": 0.8224852071005917
    },
    "06": {
      "f1": 0.9261744966442953,
      "precision": 0.9857142857142858,
      "recall": 0.8734177215189873
    },
    "07": {
      "f1": 0.9278996865203761,
      "precision": 0.9192546583850931,
      "recall": 0.9367088607594937
    },
    "08": {
      "f1": 0.8333333333333334,
      "precision": 0.9375,
      "recall": 0.75
    },
    "11": {
      "f1": 0.8214285714285714,
      "precision": 0.7419354838709677,
      "recall": 0.92
    }
  },
  "features_used": "audio+image selected subset",
  "cv_strategy": "GroupKFold(5) on config_folder",
  "best_params": {
    "subsample": 0.9,
    "reg_lambda": 1,
    "reg_alpha": 0,
    "n_estimators": 300,
    "min_child_weight": 1,
    "max_depth": 3,
    "learning_rate": 0.1,
    "colsample_bytree": 0.6
  }
}