{
    "macro_f1": 0.9466618804961991,
    "weighted_f1": 0.9212529729396083,
    "macro_precision": 0.9708230971262246,
    "macro_recall": 0.9307881773399015,
    "classes": [
        "0",
        "1",
        "2",
        "3",
        "4",
        "5",
        "6"
    ]
}