{
  "binary_f1": 0.9072886297376094,
  "type_macro_f1": 0.893580721951332,
  "final_score": 0.9018054666230984,
  "best_threshold": 0.3199999999999999,
  "features": "audio(120) + image(97) = 217 dims",
  "cv_strategy": "GroupKFold(5) on config_folder"
}