{
  "binary_f1": 0.9091981132075472,
  "type_macro_f1": 0.8555467553555901,
  "final_score": 0.8877375700667643,
  "best_threshold": 0.4100000000000001,
  "n_features": 79,
  "features": "audio+image selected subset",
  "cv_strategy": "GroupKFold(5) on config_folder"
}